year,importance
12,0.872729197800265
11,0.7794535482946973
10,0.5519889290106612
demo,0.16963366267877228
