model,MAE,RMSE,R2
XGBoost,8.179470479367875,10.261877591484335,0.42280284121448564
HistGBM_tuned,8.177394429234663,10.263363233809756,0.42263570404225204
LightGBM,8.179724319813978,10.269716296426317,0.4219207012299685
HistGBM,8.273263635310716,10.373480858712412,0.4101799322224795
RandomForest,8.306662201460155,10.419655307255224,0.4049174306346506
Ridge,8.573541254875854,10.729645544127157,0.368982686576002
